(Junior) Cyber Security Engineer (m/w/d)	engineering people GmbH	Karlsruhe	2026-08-26	Full-time	https://to.indeed.com/aagq4zxm298f
Junior AI Engineer – Conversational AI & Sales Solutions (w/m/d)	freenet	Hamburg	2026-07-06	Full-time	https://to.indeed.com/aag68dn9cm6p
Junior AI Engineer (m/w/d) Schwerpunkt KI und Digitalisierung	Pos Tuning	Bad Salzuflen	2026-07-02	Full-time	https://to.indeed.com/aaxmlkd46b7d
(Junior) Machine Learning Engineer (m/w/d)	STATWORX	Frankfurt am Main	2026-04-17	Full-time	https://to.indeed.com/aazkyx2gjbbh
Software-Engineer (m/w/d)	Inwerken AG	Braunschweig	2026-07-14	Full-time	https://to.indeed.com/aa2qmz9vw9jv
(Junior) Developer Java (w/m/d) - Einstieg mit Bootcamp zum 01.11.2026	Cofinpro AG	Frankfurt am Main	2026-08-31	Full-time	https://to.indeed.com/aa6yl8zprn4n
Fullstack Webentwickler:in (m/w/d) .Net & Angular	facilioo	Berlin	2026-05-19	Full-time	https://to.indeed.com/aa6l7jrvzsx2
(Junior) Data Scientist (m/w/d) Search / AI Forge	CHECK24 Vergleichsportal	München	2026-09-22	Permanent	https://to.indeed.com/aar4wvcklr8p
Junior Java Developer	NOVOSEC AG	Frankfurt am Main	2026-02-27	Permanent	https://to.indeed.com/aa7xygcf6cbc
Data & Application Developer (m/w/d)	CEVA Logistics	Hamburg	2026-05-21	Full-time	https://to.indeed.com/aahv7dpg96rk
Junior Developer (m/w/d)	Sportnavi.de GmbH	Gütersloh	2026-08-21	Permanent	https://to.indeed.com/aa64fsrmc8rj
Junior Fullstack Developer (m/w/d) KI-Fokus, InsurTech	CHECK24 Vergleichsportal	Frankfurt am Main	2026-08-17	Permanent	https://to.indeed.com/aab669z9wzwm
SAP S/4HANA Junior Developer & Application Architect (d/m/w/x)	Mercedes-Benz Group	Stuttgart	2026-09-22	Full-time	https://to.indeed.com/aa4vd6sk2m2s
Fullstack Developer (m/w/d)	metergrid	Hamburg	2026-09-16	Full-time	https://to.indeed.com/aalhlmlyqfsc
Junior Softwareentwickler Robotics & Automatisierung (m/w/x)	Arvato	Gütersloh	2026-10-06	Full-time	https://to.indeed.com/aadzbq64ms6y
Softwarekonfigurator*in / Softwareentwickler*in in Kundenprojekten (m/w/d)	ITS Informationstechnik Service GmbH	Paderborn	2026-05-21	Full-time	https://to.indeed.com/aa4vszjtdp7n
Data Engineer (m/w/d)	Controlware GmbH	Dietzenbach	2026-07-10	Full-time	https://to.indeed.com/aa2lzjgvyfzr
Junior AI Applied Consultant (w/m/d)	Trumpf	Ditzingen	2026-09-30	Full-time	https://to.indeed.com/aa2wgwlsdfrc
Junior AI Engineer (m/w/d) – Industrial AI	Lindauer Dornier GmbH	Lindau	2026-09-22	Full-time	https://to.indeed.com/aa74972wty2l
Junior Applied AI Engineer (all genders)	Accenture	Kronberg	2026-07-23	Full-time	https://to.indeed.com/aapsp696fk4s
(Junior) Cloud Platform Engineer (m/w/d)	KION Group	Aschaffenburg	2026-03-06	Full-time	https://to.indeed.com/aazrrpcnw48v
Cloud Engineer – Azure Infrastruktur & Automatisierung (m/w/d)	YER Group	Essen	2026-09-15	Full-time	https://to.indeed.com/aayymsznqkpl
Software Engineer (all genders)	Ray Sono AG	München	2026-09-14	Full-time	https://to.indeed.com/aa6ybbpshym2
